,point,point,point,point,point,point,point,point,point,point,point,point,point,point,point,point,point,point,point,point,point,point,point,point,point,point,point,point,point,point,point,point,point,point,point,point,point,point,point,point,point,point,point,point,point,point,point,point,point,point,point,point,point,point,point,point,point,point,point,point,point,point,point,point,point,point,point,point,point,point,point,point,point,point,point,point,point,point,point,point,point,point,point,point,point,point,point,point,point,point,point,point,point,point,point,point,point,point,point,point,point,point,point,point,point,point,point,point,point,point,point,point,point,point,point,point,point,point,point,point,point,point,point,point,point,point,point,point,point,point,point,point,point,point,point,point,point,point,point,point,point,point,point,point,point,point,point,point,point,point,point,point,point,point,point,point,point,point,point,point,point,point,point,point,point,point,point,point,point,point,point,point,point,point,point,point,point,point,point,point,point,point,point,point,point,point,point,point,point,point,point,point,point,point,point,point,point,point,point,point,point,point,point,point,point,point,point
name,10분,12 솔져스,1987,1급기밀,50가지 그림자: 해방,7년-그들이 없는 언론,7호실,B급 며느리,가위손,"가장 따뜻한 색, 블루",강철비,거인,걸어도 걸어도,게이트,골든 슬럼버,골든슬럼버,공범자들,공조,굿 윌 헌팅,궁합,그것,그것만이 내 세상,그녀,그렇게 아버지가 된다,극장판 쿠로코의 농구 라스트 게임,극장판 포켓몬스터 너로 정했다!,기억의 밤,김광석,꼭두각시,꾼,꿈의 제인,"나, 다니엘 블레이크","나는 내일, 어제의 너와 만난다",나미야 잡화점의 기적,내 사랑,너의 이름은.,너의 췌장을 먹고 싶어,넛잡 2,노 게임 노 라이프 -제로-,노무현입니다,다시 태어나도 우리,다운사이징,다키스트 아워,댄서,더 그레이,더 테이블,더 포스트,덩케르크,돌아와요 부산항애(愛),동급생,동주,두 개의 문,들개,딥,땐뽀걸즈,뜨거운 것이 좋아,라라랜드,러브 라이브! 더 스쿨 아이돌 무비,러브 액츄얼리,러브레터,러빙 빈센트,러스트 앤 본,레드 스패로,로미오와 줄리엣,록키,록키 호러 픽쳐 쇼,리틀 포레스트,립반윙클의 신부,마더,마미,마야,마지막 황제,매디슨 카운티의 다리,매혹당한 사람들,맨체스터 바이 더 씨,메리와 마녀의 꽃,메소드,메이즈 러너,메이즈 러너: 데스 큐어,명탐정 코난 : 감벽의 관,몬스터,몬스터 콜,몬스터 패밀리,무간도,무간도 2 - 혼돈의 시대,문라이트,문영,물랑 루즈,미션,미옥,바닷마을 다이어리,박열,반드시 잡는다,배드 지니어스,버킷리스트: 죽기 전에 꼭 하고 싶은 것들,번지 점프를 하다,범죄도시,베이비 드라이버,벤자민 버튼의 시간은 거꾸로 간다,부라더,불멸의 연인,불한당: 나쁜 놈들의 세상,뷰티풀 투모로우,블랙 팬서,블레이드 러너,블레이드 러너 2049,비밥바룰라,빅,빅풋 주니어,빌리 엘리어트,빠삐용,뽀로로 극장판 공룡섬 대모험,사라진 밤,사랑과 영혼,살인의 추억,"서서평, 천천히 평온하게",세 번째 살인,셰이프 오브 워터: 사랑의 모양,수면의 과학,순정,스윗 프랑세즈,스쿨 오브 락,스타워즈: 깨어난 포스,스타워즈: 라스트 제다이,스테이션 7,시네마 천국,시인의 사랑,신과함께-죄와 벌,실버라이닝 플레이북,"쏘아올린 불꽃, 밑에서 볼까? 옆에서 볼까?",아가씨,아무도 모른다,아이 캔 스피크,"안녕, 나의 소울메이트",어쌔신: 더 비기닝,언어의 정원,여배우는 오늘도,염력,예수는 역사다,오두막,오리엔트 특급 살인,옥자,올 더 머니,용순,우리의 20세기,우린 액션배우다,원더,원스,월요일이 사라졌다,월터의 상상은 현실이 된다,위대한 쇼맨,윈드 리버,유리정원,이터널 선샤인,이프 온리,인시디어스4: 라스트 키,잠깐만 회사 좀 관두고 올게,저수지 게임,저스티스 리그,젝스키스 에이틴,조선명탐정 : 사라진 놉의 딸,조선명탐정: 흡혈괴마의 비밀,"조제, 호랑이 그리고 물고기들",주문은 토끼입니까?? ~디어 마이 시스터~,쥬만지: 새로운 세계,지옥의 묵시록,직쏘,진주 귀걸이를 한 소녀,채비,최악의 하루,침묵,캐롤,캡틴 판타스틱,커뮤터,코코,킬러의 보디가드,킹 오브 프리즘,킹 오브 프리즘 프라이드 더 히어로,킹 오브 프리즘 한국어판,타이타닉,태풍이 지나가고,택시운전사,토르: 라그나로크,툼레이더,튤립 피버,파도가 지나간 자리,파리로 가는 길,파수꾼,패딩턴,패딩턴 2,패터슨,페르디난드,페이트 스테이 나이트 헤븐즈필 제1장 프레시지 플라워,프랭크,프렌즈: 몬스터 섬의 비밀,플립,하이큐!! 끝과 시작,하이큐!! 승자와 패자,하이큐!! 재능과 센스,해피 데스데이,행복을 찾아서,행복한 사전,환상의 빛,흑집사 : 북 오브 더 아틀란틱,흥부,흥부 글로 세상을 바꾼 자,히트
date,,,,,,,,,,,,,,,,,,,,,,,,,,,,,,,,,,,,,,,,,,,,,,,,,,,,,,,,,,,,,,,,,,,,,,,,,,,,,,,,,,,,,,,,,,,,,,,,,,,,,,,,,,,,,,,,,,,,,,,,,,,,,,,,,,,,,,,,,,,,,,,,,,,,,,,,,,,,,,,,,,,,,,,,,,,,,,,,,,,,,,,,,,,,,,,,,,,,,,,,,,,,,,,
2017-12-01,8.89,,,,,,,,,,,,,,,,9.16,,,,,,,,,,8.49,8.77,,7.92,,9.22,,,9.18,,7.98,8.83,,,9.32,,,9.13,,8.07,,,,,,,,8.16,9.25,,,,,,9.21,,,,9.31,,,,,,,,8.91,,,,7.98,,,,,,,,,,8.55,,,,,,8.5,8.59,9.08,,9.17,,8.87,7.51,,,9.36,,,8.02,,,8.92,,,,,,,,,,,8.77,,9.21,,,,,,,,,,,9.34,,,,8.88,,,8.49,8.66,,,,,,,8.99,,,,,,,9.08,,8.02,9.29,7.96,,,,9.01,,,,,,9.04,7.88,7.74,,,,,,,9.19,,,,,8.87,,,,,,,,,,,7.95,,,,,,8.37,8.9,8.67,,,,,9.11
2017-12-02,8.89,,,,,,6.96,,,,,,,,,,9.16,,,,,,,,,,8.41,8.77,,7.95,,9.22,,,9.18,,7.98,8.83,,,9.32,,,9.13,,,,,,,,,,8.16,9.25,,,,,,9.21,,,,9.31,,,,,,,,8.91,,,,7.95,,,,,,,,,,8.55,,,,,,8.55,8.62,9.08,,9.17,,8.87,7.5,,,9.36,,,8.03,,,8.92,,,,,,,,,,,8.77,,9.21,,,,,,,,,,,9.34,,,,8.88,,,8.49,8.55,,,,,,,8.99,,,,,,,9.09,,8.02,9.29,7.95,,,,9.01,,,,,,8.99,7.88,7.73,,,,,,,9.19,,,,,8.87,,,,,,,,,,,7.94,,,,,,8.36,8.9,8.67,,,,,9.11
2017-12-03,,,,,,,6.91,,,,,,,,,,,,,,,,,,,,8.47,8.77,,7.97,,9.22,,,9.18,,7.98,8.83,,,9.32,,,9.13,,,,,,,,,,8.16,9.25,6.84,,,,,9.2,,,,9.3,,,,,,,,8.91,,,,7.94,,,,,,,,,,8.55,,,,,,8.46,8.64,9.07,,9.16,,8.87,7.5,,,9.37,,,8.02,,,8.92,,,,,,,,,,,8.77,,9.21,,,,,,,,,,,9.34,,,,8.88,,,8.49,8.61,,,,,,,8.99,,,,,6.88,,9.09,,8.02,9.29,7.95,,,,9.01,,,,,,8.94,7.88,7.72,,,,,,,9.19,,,,,8.87,,,,,,,,,,,7.94,,,,,,8.36,8.9,8.67,,,,,9.11
2017-12-04,,,,,,,6.88,,9.25,,,,,,,,,,,,,,,,,,8.47,8.77,,7.93,,9.22,,,9.18,,7.98,8.83,,,9.32,,,9.13,,,,,,,,,,8.16,9.25,,,,,,9.21,,,,9.3,,,,,,,,8.91,,,,7.93,,,,,,,,,,8.55,,,,,,8.51,8.64,9.07,,9.16,,8.87,7.49,,,9.37,,,8.02,,,8.92,9.28,,,,,,,,,,8.77,,9.21,,,,,,,,,,,9.34,,,,8.88,,,8.49,8.48,,,,,,,8.99,,,,,6.85,,9.09,,8.02,,7.94,,,,9.01,,,,,,8.93,7.88,7.72,,,,,,,9.19,,,,,8.87,,,,,,,,,,,7.94,,,,,,8.36,8.9,8.67,,,,,9.11
2017-12-05,,,,,,,,,,,,,,,,,,8.3,,,,,,,,,8.44,,,,,9.22,,,9.18,,7.98,8.82,,,9.32,,,9.13,,,,,,,,,,8.16,9.26,,,,,,9.2,8.34,,,9.31,,,,7.99,,,,8.91,,,,7.93,,,,,,,,,,8.55,,,,,8.08,8.51,8.62,9.07,,9.16,,8.87,,,,9.36,,,8.02,,,8.92,9.28,,,,,9.37,,,,,8.77,8.82,9.21,,,,9.29,,,,,,,9.34,,,,8.88,,,8.49,8.41,,,,,,,8.99,,,,,,,9.09,,8.02,,7.94,,,,9.01,,,,,,8.93,,,,,,,,,9.2,,,,9.06,8.87,,,,,,,,,,,7.94,,,,,,8.35,8.9,8.67,,,,,9.11
2017-12-06,,,,,,,,,,,,,,,,,,,,,,,,,9.19,,8.44,,,,,9.22,8.58,,9.18,8.75,,8.82,,,9.32,,,9.13,,,,8.36,,9.18,,,,,9.26,,,8.53,,,9.2,,,,9.31,,,,,,,,8.91,,,,,,,,,8.5,,,,,8.53,,8.9,,,,8.43,8.62,9.07,,9.16,,8.87,,,,9.36,,,,,,8.92,9.28,,,,,9.37,,,,,8.77,8.82,9.21,,,,9.29,,,,,,,9.34,,,,8.88,,,8.49,,8.46,,,,,,8.99,,,,,,,9.09,,,,,,,,9.01,,,,,,8.94,,,,,,,,9.23,9.2,,,,9.06,8.87,,,,,,,,,,,,,,8.91,9.03,,8.35,8.9,8.67,,9.22,,,
2017-12-07,,,,,,,,,,,,,,,,,,8.3,,,,,,,9.19,,8.45,,,,,9.22,,,9.18,8.75,,8.82,,,9.32,,,9.13,,,,8.35,,9.18,,,,,9.26,,,8.53,,,9.2,,,,9.3,8.57,,,,,,,8.91,,,8.53,,,,,,8.5,,,,,8.53,,8.9,,,,8.39,8.61,9.07,,9.16,,8.87,,,,,,,,,,8.92,9.28,,,,,9.37,,,,,8.77,,9.21,,,,,,,,,,,9.34,,,,8.88,,,8.49,8.31,8.46,,,8.26,,,,,,,,,,9.09,,,,,,,,9.01,,,,,,8.94,,,,,,,,9.23,9.2,,,,9.06,8.87,,,,,,,,,,,,,,8.91,9.03,,8.35,8.9,8.67,,9.22,,,
2017-12-08,,,,,,,,,,,,,,,,,,8.3,,,,,,,9.19,,8.45,,,,,9.22,,,9.18,8.75,,8.82,,,9.33,,,9.12,,,,8.35,,9.18,,,,,9.26,,8.59,8.53,,,9.2,,,,9.3,8.57,,,,,,,8.91,,,8.48,,,,,,8.5,,,,,8.53,,8.9,,,,8.35,8.62,9.07,,9.16,,8.87,,,,,,,,,,8.92,9.28,,,,,9.37,,,,,8.77,,9.21,,,,,,,,,,,9.34,,,,8.88,,,8.49,8.29,8.46,,,,,,,,,,,,,9.09,,,,,,,,9.01,,,,,,8.94,,,,,,,,9.23,9.2,,,,9.06,8.87,,,,,,,,,,,,,,8.91,9.03,,8.35,8.9,8.67,,9.22,,,
2017-12-09,,,,,,,,,,,,,,,,,,8.3,,,,,,,9.19,,8.44,,,,,9.22,,,9.18,8.75,,8.82,,,9.33,,,9.12,,,,8.34,,9.18,,,,,9.26,,8.59,8.53,,,9.2,,,,9.3,8.57,,,,,,,8.91,,,,,,,,,8.51,,,,,8.53,,8.9,,,,8.34,8.59,9.07,,9.16,,8.87,,,,,,,,,,8.92,9.28,,9.06,,,9.37,,,,,8.77,,9.21,,,,,,,,,,,9.34,,,,8.88,,,,8.27,8.46,,,8.26,,,,,,,,,,9.09,,,,,,,,9.01,,,,,,8.94,,,,,,,,9.23,9.2,,,,9.06,8.87,,,,,,,,,,,,,,8.91,9.03,,8.35,8.9,8.67,,9.22,,,
2017-12-10,,,,,,,,,9.25,,,,,,,,,,,,,,,,9.19,,8.43,,,,,9.22,,,9.18,8.75,,,,,9.32,,,9.12,,,,8.34,,9.18,,,,,9.26,,8.59,8.53,,,9.2,,,,9.3,,,,,,,,8.91,,,,,,,,,8.51,,,,,8.53,,8.9,,,,8.28,8.58,9.07,,9.16,,8.87,,,,,,,,,,8.92,9.28,,9.18,,,9.37,,,,,8.77,,9.21,,,,,,,8.56,,,,9.34,,,8.24,8.88,,,,,8.46,,,8.26,,,,,,,,,,9.09,,,,,,,,9.01,,,,,,8.92,,,8.52,,,,,9.23,9.2,,,,9.06,8.87,,,,,,,,,,,,,,8.91,9.03,,8.34,8.9,8.67,,9.22,,,
2017-12-11,,,,,,,,,9.25,,,,,,,,,,,,,,,,,,8.42,,,7.88,,9.22,,,9.17,,7.97,,,,9.32,,,9.12,,,,8.33,,,,,,,9.26,,8.59,,,,9.2,,,,9.3,,,,,,,,8.91,,,,8.0,,,,,8.51,,,,8.1,8.53,,8.9,,,,8.27,8.57,9.07,,9.16,8.08,8.87,,,,,,,,,,8.92,9.28,,9.22,,,9.37,,,,,8.77,,9.21,,,,,,,8.56,,,,9.34,,,,8.89,,,,8.22,8.46,,,8.26,,,,,,,,,,9.09,,8.01,,7.93,,,,9.01,,,,,,8.92,,,8.52,,,,,,,,,,,8.87,,,8.99,,,,,,,,7.94,,,,,,8.34,8.9,8.67,,,,,9.11
2017-12-12,,,,,,,,,9.25,,,,,,,,,,,,,,,,,,8.4,,,,,9.22,,,9.17,,7.97,,,,9.32,,,9.12,,,,8.33,,,,,,,,,8.6,,,,9.2,,,,9.3,,,,,8.68,,,8.91,,,,7.99,,,,,8.51,,,,8.1,8.53,,8.9,,,,8.26,8.58,9.07,,9.16,8.07,8.87,,,,,,,,,,8.92,9.28,,9.24,,,,,,,,8.77,,9.21,,,,,,,8.56,,,,9.34,,,,8.89,,,,8.2,8.46,,,8.26,,,,,,,,,,9.09,,8.01,,7.93,,,,9.01,,,,,,8.91,7.88,,8.52,,,,,,9.2,,,,,8.87,,,8.99,,,,,,,,7.95,,,,,,8.33,8.9,8.67,,,,,9.11
2017-12-13,,,,,,,,,,,,8.77,,,,,,,,,,,,,,,8.37,,,7.87,,9.22,,,9.17,,7.97,,,8.93,9.32,,,9.12,,,,8.33,,,,,,,,,8.6,,,9.09,9.2,,,,9.3,8.57,,,,8.68,,,8.91,,,,8.01,,,,,8.51,,,,8.1,8.53,,8.9,,,,8.22,8.58,9.07,,9.16,8.07,8.87,,,,,,,,,,8.92,,,9.23,,,,,,,,,,9.21,,,,,,,,,,,9.34,,,,8.89,,,,8.19,8.46,,,8.26,8.96,,,,,,,,,9.08,,8.01,,7.93,,,,9.01,,,,,,8.89,,,,,,,,,9.2,,,,,8.87,,,,,9.19,,,,,,7.95,,,,,,8.31,8.9,8.67,,,,,9.11
2017-12-14,,,,,,,,,,,8.23,8.77,,,,,,,,,7.02,,,,,,8.37,,,7.86,,9.22,,,9.17,,7.97,,,8.93,9.33,,,9.12,,,,8.33,,,,,,,,,8.6,,,9.09,9.2,,,,,8.57,,,,8.68,,,8.91,6.94,,7.61,,,,,,8.51,,,,8.1,8.53,,8.9,,,,8.21,8.58,,,9.16,8.07,8.87,,,,,,,,,,8.92,,,9.21,,,,,,,,,,,,8.12,,,,,,,,,9.34,,7.39,,8.89,,,,8.18,8.46,,7.31,8.26,8.96,,,,,,,,,9.08,,8.01,,7.93,,,,9.01,,,,,,8.9,,,,,,,,,9.2,,,,,8.87,,,,,9.19,,,,,,7.94,,,,,,,,8.67,,,,,
2017-12-15,,,,,,,6.75,,,,8.25,8.77,,,,,,,,,7.03,,,,,,8.36,,5.47,7.86,,9.22,,,9.17,,7.97,,,8.93,9.32,,,,,,,8.33,,,,,,,,6.84,8.6,,,9.09,9.2,,,,,8.57,,,,8.68,,,8.91,,,7.58,,,,,,8.51,,,,8.1,8.53,,8.9,,,,8.14,8.59,,,9.16,8.07,8.87,,,6.01,,,,,,,8.92,,,9.18,,,,,,,,,,,,8.14,,,,,,,,,9.34,,7.36,,8.89,,,,8.17,8.46,,7.31,8.27,8.96,,,,,,,,,9.08,,8.01,,7.92,,,,,,,,,,8.89,,,,,,,,,9.2,,,,,8.87,,,,,9.19,,,,,6.78,,,,,,,,,,,,,,
2017-12-16,,,,,,,6.75,,,,8.41,8.77,,,,,,,,,7.02,,,,,,8.35,,5.47,7.86,,9.22,8.58,,9.17,,7.96,,,,9.33,,,,,,,8.32,,,,,,,,,8.6,,,9.09,9.2,,,,,8.57,,,,8.68,,,8.91,,,7.54,,,,,,8.51,,,,8.1,,,8.89,,,,8.04,8.59,,,9.16,8.07,8.87,,,6.01,,,,,,,,,,9.19,,,,,,,,,,,,7.78,,9.29,,,,,,,9.34,,7.35,,8.89,,,,8.16,8.46,,7.31,8.27,8.96,,,,,,,,,9.08,,8.02,,7.92,,,,,,,,,,8.88,,,8.52,,,,,,9.2,,,,,8.87,,,,,9.19,,,,,6.79,,,,,,,,,,,,,,
2017-12-17,,,,,,,6.75,,,,8.45,8.77,,,,,,,,,7.02,,,,,,8.36,,5.47,7.86,,9.22,,,9.17,,7.96,,,,9.32,,,,,,,8.32,,,,,,,,,8.6,,,9.09,9.2,,,,,,,,,8.68,,,8.91,,,7.5,,,,,,8.51,,,,8.1,,,,,,,8.03,8.59,,,9.16,8.07,8.87,,,6.01,,,,,,,,,,9.2,,,,,,,,,,,,7.49,,,,,,,,,9.34,,7.32,,8.89,,,,8.16,8.46,,7.31,8.27,8.96,,,,,,,,,9.08,,8.02,,7.92,,,,,,,,,,8.87,,,8.52,,,,,,9.2,,,,,8.87,,,,,9.19,,,,,6.8,,,,,,,,,,,,,,
2017-12-18,,,,,,,6.74,,,,8.46,8.77,,,,,,,,,7.02,,,,,,8.36,,5.47,7.86,,9.22,,,9.17,,7.96,,,,9.31,,,,,,,8.32,,,,,,,,,8.6,,,9.1,9.2,,,,,,,,,8.68,,,8.91,,,7.46,,,,,,8.51,,,,8.1,,9.09,,,,,8.02,8.6,,,9.16,8.07,8.87,,,6.01,,,,,,,,,,9.2,,,,,,,,,,,,7.27,,,,,,,,,9.34,,7.31,,8.89,,,,8.15,8.46,,7.31,,8.96,,,,,,,,9.1,9.08,,8.02,,7.92,,,,,,,,,,8.86,,,8.52,,,,,,,,,,,8.87,,,,,9.19,,,,,6.8,,,,,,,8.29,,,,,,,
2017-12-19,,,,,,,,,,,8.44,8.77,,,,,,,,,7.02,,,,,,8.36,,5.47,7.86,,9.22,,,9.17,,7.96,,,,9.31,,,,,,,8.32,,,,,8.35,,,,8.6,,,9.1,9.2,,,,,,,,,,,,8.91,,,7.41,,,,,,8.52,,,,,8.53,9.09,,,,,7.99,8.6,,,,8.07,8.87,,,6.01,,,,,,,,,,9.2,,,,,,,,,,,,7.17,,,8.11,,,,,,9.34,,7.3,,8.89,,,,8.14,8.46,,7.31,,8.96,,,,,,,,9.1,9.08,,8.03,,7.91,,,,,,,,,,8.87,,,8.52,,,,,,,,,,,8.87,,,,,9.19,,,,,6.81,,,,,,,,,,,,,,
2017-12-20,,,,,,8.52,,,,,8.43,8.77,,,,,,,,,7.02,,8.5,,,,8.35,,5.47,7.86,,9.22,,,9.17,,7.97,,,,9.32,,,,,,,8.32,,,,,8.35,,,,8.6,,9.0,9.1,9.2,,,,,,,,,,,,,,,7.4,,,,,,8.52,,,,,8.53,9.09,,,,,8.0,8.6,,,,8.07,,,,6.01,,,,,,,,,9.17,9.2,,,,,,,,,,,,7.13,,,8.11,8.42,,,,,9.34,,7.3,,8.88,,,,8.14,8.46,,,,8.96,,,,,9.63,,,9.1,9.08,,8.03,,7.91,,,,,,,,,,8.86,,,8.52,,,,,,9.2,,,,,8.87,,,,,9.19,,,,,6.81,,,,,,,,,,,,,,
2017-12-21,,,,,,8.52,,,,,8.42,8.77,,,,,,,,,7.02,,8.5,,,,8.34,,5.47,7.86,,9.22,,,9.17,,7.97,,,,9.32,,,,,,,,,,,,,,,,8.6,,9.0,9.09,9.19,,,,,,,,,,,,,,,7.38,,,,,,,,,,,8.53,9.09,,,,,8.01,8.57,,,,8.07,,,,6.01,,,,,,,,,9.17,9.2,,,,,,,,,,,,7.11,,,8.11,8.33,,,,,,,7.28,,8.88,,,,8.14,8.46,,,,8.96,,,,,9.65,,,9.1,9.08,,,,7.91,,,,,,,,,,8.85,,,8.52,,,,,,9.2,,,,,8.87,,,,,9.19,,,,,,,,,,,,,,,,,,,
2017-12-22,,,,,,,,,,,8.42,8.77,,,,,,,,,,,8.5,,,,8.35,,5.47,7.84,,9.22,,,9.17,,7.97,,,,9.32,,,,,,,,,,,,,,,,8.6,,8.99,9.1,9.19,,,,,,,,,,,,,,,7.38,,,,,,,,,,,8.53,9.09,,,,,,8.55,,,,8.07,,,,6.01,,,,,,,,,9.17,9.2,,,,,,,,,,,,7.09,,,8.11,8.28,,,,,,9.03,7.28,,8.88,,7.66,,8.13,8.46,,,,8.96,,,,,9.63,,,9.1,9.08,,,,7.91,,,,,,,,,,8.85,,,8.52,,,,,,9.2,,,,,8.87,,,,,9.19,,,,,,,,,,,,,,,,,,,
2017-12-23,,,,,,,,,,,8.43,8.77,,,,,9.16,,,,,,8.5,,,,8.35,,5.47,7.82,,9.22,,,9.17,,7.97,,,,9.32,,,,,,,,,,,,,,,,8.6,,8.99,9.1,9.19,,,,,,,,,,,,,,,7.38,,,,,5.75,,,,,8.1,8.53,9.09,,,,,,,,,,8.07,,,,6.02,,,,8.03,,,,,9.17,9.2,,,,,,,,,,,7.76,7.08,,,8.11,8.26,,,,,,9.02,7.27,,,,,,8.14,8.46,,,,8.96,,,,,9.6,,,9.1,9.08,,,,7.89,,,,,,,,,,,,,8.52,,,,,,9.2,,,,,8.87,,,,,9.19,,,,,,,,,,,,,,,,,,,
2017-12-24,,,,,,,,,,,8.45,8.77,8.64,,,,9.16,,,,,,8.5,8.82,,9.07,8.35,,5.47,7.81,,9.22,,,9.17,,7.96,,,,9.32,,,,,,,,,,,,,,,,8.6,,8.99,9.1,9.2,,,,,,,,,,,,,,,7.38,,,,,5.75,,8.37,,,8.1,8.53,9.09,,,8.74,,,,,,,,,,,,,,,8.03,,,,,9.17,9.19,,,,,,,,,,,7.76,7.05,,,8.12,8.26,,,,8.82,,9.02,7.27,,,,7.66,,8.14,8.46,,,,8.96,,,,,9.6,,,9.1,9.08,,,,7.88,,,,,,,,,,,,,8.52,,,,,,9.2,,,8.6,,8.87,,,,,9.19,,,,,,,,,,,,,,,8.02,,,,
2017-12-25,,,,,,,,,,,8.47,8.77,8.64,,,,9.16,,,,,,8.5,8.82,,9.02,8.35,,,7.79,,9.22,,,9.17,,7.96,,,,9.32,,,,,,,,,,,,,,,,8.6,,8.99,9.09,9.19,,,,,,,,,,,,,,,7.37,,,,,,,8.24,,,8.1,8.53,9.09,,,8.74,,,,,,,,,,,,,,,8.03,,,,,9.17,9.18,,,,,,,,,,,,7.03,,,8.12,8.26,,,,8.82,,9.0,7.26,,,,,,8.13,8.46,,,,8.96,,,,,9.58,,,9.1,9.08,,,,7.87,,,,,,,,,,,,,8.52,,,,,,9.2,,,8.6,,8.87,,,,,9.19,,,,,,,,,,,,,,,8.02,,,,
2017-12-26,,,,,,,,,,,8.48,8.77,8.64,,,,9.16,,,,,,,8.82,,9.03,8.35,,,7.78,,9.22,,,9.17,,7.96,,,,9.33,,,,,,,,,,,,,,,,8.6,,8.99,9.09,9.19,,,,,,,,,,,,,,,7.36,,,,,,,8.46,,,8.1,8.52,9.09,,,8.74,,,,,,,,,,,,,,,8.03,,,,,9.17,9.17,,,,,8.11,,,,,,,7.02,,,8.1,8.19,,,,8.82,,8.96,7.24,,,,,,8.13,8.46,,,,8.96,,,,,9.54,,,,9.08,,,,7.87,,,,,,,,,,,,,,,,,,,9.19,,,8.6,,8.87,,,,,,,,,,,,,,,,,,,,8.02,,,,
2017-12-27,,,9.15,,,,,,,8.82,8.48,,8.64,,,,9.16,,,,,,8.5,8.82,,8.99,8.33,,,7.77,,9.22,,,9.17,,7.96,,,,9.33,,,,,,,,,,,,,,,,8.6,,8.99,9.09,9.19,,,,,,,,,8.68,,,,,,7.36,,,,,,,8.61,,,8.1,8.52,9.09,,,8.74,,,,,,,,8.87,,,,,,,8.02,,,,,9.17,9.16,,9.17,,,8.06,,,,,,,7.01,,,8.1,8.16,,,,8.82,,8.93,7.23,,,,,,8.13,8.46,,,,,,,,8.66,9.51,,,,9.08,,,,7.87,,,,,,,,,,8.85,,,8.52,,,,,,9.19,,,8.6,,8.87,,,,,,,,,,,,,,,,,,,,8.02,,,,9.11
2017-12-28,,,9.2,,,,,,,8.82,8.48,,8.64,,,,9.16,,,,,,8.5,8.82,,9.01,,,,7.76,,9.22,,,9.17,,7.96,,,,9.33,,,,,,,,,,,,,,,,8.6,,8.99,9.09,9.19,,,,,,,,,8.68,,,,,,7.36,,,,,,,8.64,,,8.1,8.52,9.09,,,8.74,,,,,,,,8.87,,,,,,,8.01,,,,,9.17,9.17,,9.17,,,8.01,,,,,,,6.99,,,8.1,8.15,,,,8.82,,8.93,7.23,,,,,,8.13,8.45,,,,,,,,8.65,9.49,,,9.1,9.08,,,,,,,,,,,,,,8.85,,,8.52,,,,,,9.2,,,8.6,,,,,,,,,,,,,,,,,,,,,,8.02,,,,9.11
2017-12-29,,,9.19,,,,,,,8.82,8.48,,8.64,,,,9.16,,,,,,8.5,8.82,,9.01,,,,7.76,,9.22,,,9.17,,7.96,,,,9.33,,,,,,,,,,,,,,,,8.6,,8.99,9.09,9.19,,,,,,,,,8.68,,,,,,7.35,,,,,,,8.66,,,8.1,8.52,9.09,,,8.74,,,,,,,,8.87,,,,,,,8.0,,,,,9.17,9.17,,9.17,,,8.02,,,,,,,6.98,,,8.1,8.14,,,,8.82,,8.92,7.22,,,,,,8.13,8.45,,,,,,,,8.65,9.48,,,9.1,9.08,,,,,,,,,,,,,,8.85,,,8.52,,,,,,9.2,,,8.6,,,,,,,,,,,,,,,,,,,,,,8.02,,,,9.11
2017-12-30,,,9.21,,,,,,,8.82,8.48,,8.64,,,,9.16,,,,,,8.5,8.82,,9.0,,,,7.76,,9.22,,,9.17,,7.96,,,,9.33,,,,,,,,,,,,,,,,8.6,,8.99,9.09,9.18,,,,,,,,,8.68,,,,,,7.35,,,,,,,8.65,,,8.09,8.52,9.09,,,8.74,,,,,,,,8.87,,,,,,,8.0,,,,,9.17,9.18,,9.17,,,8.03,,,,,,,6.98,,,8.1,8.12,,,,8.82,,8.93,7.22,,,,,,8.13,8.45,,,,,9.49,,,8.65,9.45,,,9.1,9.08,,,,,,,,,,,,,,8.84,,,8.52,,,,,,9.2,,,8.6,,,,,,,,,,,,,,,,,,,,,,8.02,,,,
2017-12-31,,,9.23,,,,,,,8.82,8.48,,8.64,,,,9.16,,,,,,8.5,8.82,,8.99,,,,7.75,,9.22,,,9.17,,7.96,,,,9.33,,,,,,,,,,,,,,,,8.6,,8.99,9.09,9.18,,,,,,,,,8.68,,,,,,7.35,,,,,,,8.66,,,8.09,8.53,9.09,,,8.74,,,,,,,,8.87,,,,,,,8.0,,,,,9.17,9.17,,9.17,,,8.03,,,,,,,6.98,,,8.1,8.09,,,,8.82,,8.94,7.21,,,,,,8.12,,,,,,9.42,,,8.65,9.44,,,9.1,9.08,,,,,,,,,,,,,,,,,8.53,,,,,,,,,8.6,,,,,,,,,,8.28,,,,,,,,,,,,8.02,,,,9.11
2018-01-01,,,9.25,,,,,,,8.82,8.48,,8.64,,,,,,,,,,8.5,8.82,,8.98,,,,7.75,,,,,9.17,,7.96,,,,9.33,,,,,,,,,,,,,,,,8.6,,8.99,9.09,9.19,,,,,,,,,8.68,,,,,,7.35,,,,,,,8.65,,,,,9.09,,,8.74,,,,,,,,8.87,,,,,,,,,,,,9.17,9.16,,9.17,,,8.05,,,,,,,6.97,,,,8.06,,,,8.82,,8.94,7.21,,,,,,8.12,,,,,,9.45,,,8.65,9.44,,,9.1,9.08,,,,,,,,,,,,,,,,,8.53,,,,,,,,,8.6,,,,,,,,,,8.28,,,,,,,,,,,,,,,,9.11
2018-01-02,,,9.26,,,,,,,8.82,8.49,,8.64,,,,,,,,,,8.5,8.82,,8.92,,,,7.75,,,,,9.17,,7.96,,,,9.32,,,,,,,,,,,,,,,,8.6,,8.99,9.09,9.19,,,,,,,,,8.68,,,,,,7.35,,,,,,,8.64,,,,,,,,8.74,,,,,,,,8.87,,,,,,,,,,,,,9.17,,9.17,,,8.05,,,,,,,6.96,,,,8.03,,,,8.82,,8.93,7.2,,,,,,8.12,,,,,,9.41,,,8.65,9.43,,,9.1,9.08,,,,,,,,,,,,,,,,,8.53,,,,,,,,,8.6,,,,,,,,,,8.32,,,,,,,,,,,,,,,,9.11
2018-01-03,,,9.25,,,,,,,8.82,8.49,,,,,,,,,,,,8.5,8.82,,8.92,,,,7.75,,,,,9.17,,7.96,,,,9.33,,,,,,,,,,,,,,,,8.6,,,9.09,9.19,,,,,,,,,8.68,,,,,,7.35,,,,,,,8.65,,,,,,,,,,,,,,,,8.87,,,,,,,,,,,,,9.17,,,,,8.04,,,,,,,6.96,,,,8.02,,,,,,8.92,,,,,,,8.12,,,,,,9.44,,,8.65,9.43,,,9.1,,,,,,,,,,,7.92,,,,,,,,,,,,,,,,,,,,,,,,,,8.3,,,,,,,,,,,,,,,,9.11
2018-01-04,,,9.25,,,,,,,8.82,8.49,,,,,,,,,,,,8.5,8.82,,8.92,,,,7.74,,,,,9.17,8.75,7.96,,,,9.33,,,,,,,,,,,,,,,,8.6,,,9.09,9.18,,,,,,,,,8.68,,,,,,7.35,8.1,,,,,,8.63,,,,,,,,,,,,,,,,,,,,,,,,,,,,,9.17,,,,,8.05,,,,,,,6.96,,,,8.01,,,,,,8.91,,,,,,,8.12,,,,,,9.43,,,8.66,9.43,,,9.1,,,,,,,,,,,8.05,,,,,,,,,,,,,,,,,,,,,,,,,,8.29,,,,,,,,,,,,,,,,9.11
2018-01-05,,,9.26,,,,,,,8.82,8.49,,,,,,,,,,,,8.5,8.82,,8.9,,,,7.74,,,,,9.17,8.75,7.96,,,,9.33,,,,,,,,,,,,,,,,8.6,,,9.09,9.18,,,,,,,,,8.68,,,,,,7.34,8.1,,,,,,8.64,,,,,,,,,,,,,,,,8.87,,,,,,,,,,,,,9.16,,,,,8.05,,,,,,,6.96,,,,8.0,,,,,,8.89,,,,,,,8.12,,,,,,9.44,,,8.65,9.42,,,9.1,,,,,,,,,,,8.1,,,,,,,,8.73,,,,,,,,,,,,,,,,,,8.29,,,,,,,,,,,,,,,,9.11
2018-01-06,,,9.27,,,,,,,8.81,8.5,,,,,,,,,,,,8.5,8.82,,8.86,,,,7.73,,,,,9.17,8.75,7.96,,,,9.33,,,,,,,,,,,,,,,,8.6,,,9.09,9.18,,,,,,,,,8.68,,,,,,7.35,8.11,,,,,,8.64,,,,,,,,,,,,,,,,8.87,,,,,,,,,,,,,9.16,,,,,8.03,,,,,,,6.96,,,,8.0,,,,,,8.89,,,,,,,8.12,,,,,,9.42,,,8.66,9.42,,,9.1,,,,,,,,,,,8.06,,,,,,,,8.73,,,,,,,,,,,,,,,,,,8.29,,,,,,,,,,,,,,,,9.11
2018-01-07,,,9.27,,,,,,,8.81,8.5,,,,,,,,,,,,8.5,8.82,,8.86,,,,7.72,,,,,9.17,8.75,7.96,,,,9.33,,,,,,,,,,,,,,,,8.6,,,9.09,9.18,,,,,,,,,8.68,,,,,,7.35,8.12,,,,,,8.63,,,,,,,,,,,,,,,,8.87,,,,,,,7.97,,,,,,9.16,,,,,8.01,,,,,,,6.96,,,,7.99,,,,,,8.9,,,,,,,8.12,,,,,,9.41,,,8.66,9.41,,,9.1,,,,,,,,,,,8.08,,,,,,,,8.73,,,,,,,,,,,,,,,,,,8.32,,,,,,,,,,,,,,,,9.11
2018-01-08,,,9.28,,,,,,,8.81,8.5,,,,,,,,,,,,8.5,8.82,,8.84,,,,7.72,,,,,9.17,8.75,7.96,,,,9.33,,,,,,,,,,,,,,,,8.6,,,9.09,9.18,,,,,,,,,8.68,,,,,,7.35,8.11,,,,,,8.62,,,,,,,,,,,,,9.01,,,8.87,,,,,,,7.96,,,,,,9.16,,,,,8.02,,,,,,,6.96,,,,7.98,,,,,,8.89,,,,,,,8.11,,,,,,9.42,,,8.66,9.4,,,9.1,,,,,,,,,,,8.03,,,,,,,,8.7,,,,,,,,,,,,,,,,,,8.3,8.85,,,,,,,,,,,,,,,9.11
2018-01-09,,,9.27,,,,,,,8.81,8.5,,,,,,,,,,,,8.5,8.82,,8.84,,,,,,,,,9.17,8.75,7.96,,,,9.33,,,,,,,,,,,,,,,,8.6,,,9.1,9.18,,,,,,,,,8.68,,,,,,,8.11,,,,,,8.62,,,,,,,,,,,,,9.01,,,8.87,,,,,,,7.96,,,,,,9.16,,,,,8.02,,,,,,,6.96,,,,7.98,,,,,,8.87,,,,,,,8.11,,,,,,9.4,,,8.66,9.4,8.41,,9.1,,,,,,,,,,,8.01,,,,,,,,8.7,,,,,,,,,,,,,,,,,,8.29,8.91,,,,,,,9.18,,,,,,,,9.11
2018-01-10,,,9.28,,,,,,,8.81,8.5,,,,,,,,,,,,8.5,,,8.84,,,,,,,,,9.17,8.75,7.97,,,,9.33,,,,,,,,,,,,,,,,8.6,,,9.1,9.18,,,,,,,,,8.68,,,,,,,8.11,,,,,,8.61,,,,,,,,,,,,,9.01,,,,,,,,,,7.96,,,,,,9.16,,,,,8.0,,,,,,,6.96,,,,7.98,,,,,,8.87,,,,,,,8.11,,,,,,9.41,,,8.66,9.4,8.41,,9.1,,,,,,,,,,,8.0,,,,,,,,,,,,,,,,,,,,,,,,,,8.29,8.91,,,,,,,,,,,,,,,9.11
2018-01-11,,,9.28,,,,,,,8.81,8.5,,,,,,,,,,,,8.5,,,8.84,,,,,,,,,9.17,8.75,7.96,,,,9.33,7.08,,,,,,,,,,,,,,,8.6,,,9.1,9.18,,,,,,,,,8.68,,,,,,,,,,,,,8.6,,,,,,,,,,,,,9.01,,,,,,,,,,7.95,,,,,,9.17,,,,,8.03,,7.96,,,,,6.96,,,,7.98,,,,,,8.86,,,,,,,8.11,,,,,,9.38,,,8.66,9.4,8.41,,9.1,,,,,,,,,,,8.0,,,,,,,,,,9.3,,,,,,,,,,,,,,,,8.29,8.89,,,,,,,,,,,,,,,9.11
2018-01-12,,,9.27,,,,,,,8.81,8.5,,,,,,,,,,,,8.5,,,8.84,,,,,,,,,9.17,8.75,7.97,,,,9.33,7.37,,,,,,,,,,,,,,,8.6,,,9.1,9.18,,,9.29,,,,,,8.68,,,,,,,,,,,,,8.59,,,,,,,,,,,,,9.01,,,,,,,,,,7.95,,,,,,9.17,,,,,8.03,,7.96,,,,,6.97,,,,7.99,,7.96,,,,8.86,,,,,,,8.11,,,,,,9.38,,,8.66,9.39,8.41,,9.1,,,,,,,,,,,8.01,,,,,,,,,,9.24,,,9.2,,,,,,,,,,,,,8.29,8.89,,,,,,,,,,,,,,,9.11
2018-01-13,,,9.27,,,,,,,8.81,8.5,,,,,,,,,,,,8.5,,,8.84,,,,,,,,,9.17,8.75,7.97,,,,,6.79,,,,,,,,,,,,,,,8.6,,,9.1,9.18,,,9.25,,,,,,8.68,,,,,,,,,,,,,8.58,,,,,,,,,,,,,9.01,,,,,,,,,,7.96,,,,,,9.17,,,,,8.05,,7.95,,,,,6.97,,,,7.99,,7.84,,,,8.86,,,,,,,8.11,,,,,,9.37,,,8.66,9.4,8.41,,9.1,,,,,,,,,,,8.01,,,,,,,,,,9.2,,,9.2,,,,,,,,,,,,,8.32,8.93,,,,,,,9.17,,,,,,,,9.11
2018-01-14,,,9.27,,,,,,,8.81,8.5,,,,,,,,,,,,8.5,,,8.84,,,,,,,,,9.17,8.75,7.96,,,,9.33,6.37,,,,,,,,,,,,,,,8.6,,,,9.18,,,,,,,,,8.68,,,,,,,,,,,,,8.57,,,,,,,,,,,,,9.01,,,8.87,,,,,,,7.95,,,,,,9.17,,,,,8.06,,7.96,,,,,6.97,,,,8.0,,7.74,,,,8.85,,,,,,,8.11,,,,,,9.39,,,8.66,9.4,8.41,,9.1,,,,,,,,,,,8.03,,,,,,,,,,9.16,,,9.19,,,,,,,,,,,,,8.3,8.92,,,,,,,,,,,,,,,9.11
2018-01-15,,,9.27,,,,,,,8.81,8.5,,,,,,,,,,,,8.5,,,8.84,,,,,,,,,9.17,8.75,7.96,,,,9.33,6.23,,,,,,,,,,,,,,,8.6,,,,9.18,,,,,,,,,8.68,,,,,,,,,,,,,,,,,,,,,,,,,,9.01,,,8.87,,,,,,,7.96,,,,,,9.17,,,,,8.05,,7.95,,,,,6.96,,,,8.0,,7.56,,,,8.84,,,,,,,8.11,,,,,,9.38,,,8.66,9.4,8.41,,9.1,,,,,,,,,,,8.04,,,,,,,,,,9.15,,,,,,,,,,,,,,,,8.3,8.93,,,,,,,9.18,,,,,,,,9.11
2018-01-16,,,9.27,,,,,,,8.81,8.5,,,,,,,,,,,,8.5,,,8.84,,,,,,,,,9.17,8.75,7.96,,,,9.33,6.11,,,,,,,,,,,,,,,8.6,,,9.1,9.18,,,,,,,,,8.68,,,,,,,,,,,,,,,,,,,,,,,,,,9.01,,,8.87,,,,,,,7.95,,,,,,9.17,,,,,8.06,,7.96,,,,,6.96,,,,8.0,,7.46,,,,8.84,,,,,,,8.11,,,,,,9.38,,,8.66,9.39,8.42,,9.1,,,,,,,,,,,8.04,,7.55,,,,,,,,9.15,,,,,,,,,,,,,,,,8.31,8.92,,,,,,,9.18,,,,,,,,9.11
2018-01-17,,,9.27,,,,,,,,8.48,,,,,,,,,,,8.72,8.5,,,8.84,,,,,,,,,9.17,8.75,7.96,,,,9.33,6.03,,,,,,,,,,,,,,,8.6,,,9.1,9.18,,,,,,,,,8.68,,,,,,,,,8.98,,,,,,,,,,,,,,,,,9.01,,,8.87,,,,,,,7.96,,,,,,9.17,,,,,8.06,,7.96,,,,,6.96,,,,8.01,,7.37,,,,8.85,,,,,,,8.11,,,,,,9.38,,,,9.39,8.42,,9.1,,,,,,,,,,,8.05,,7.5,,,,,,,,9.13,,,,,,,,,,,,,,,,8.32,8.91,,,,,,,9.18,,,,,,,,9.11
2018-01-18,,,9.27,,,,,,,,8.47,,,,,,,,,,,8.72,8.5,,,8.84,,,,,,,,,9.17,8.75,7.95,,,,9.32,6.01,,,,,,,,,,,,,,,8.6,,,9.1,9.18,,,,,,,,,8.68,,,,,,,,,8.85,,,,,,,,,,,,,,,,,9.01,,,,,,,,,,7.95,,,,,,9.17,,,,,8.07,,7.96,,,,,6.96,,,,8.01,,7.34,,,,8.82,,,,,,,,,,,,,9.38,,,,9.39,8.42,,9.1,,,,,,,,,,,8.04,,7.5,,,,,,,,9.13,,,,,,,,,,,,,,,,8.31,8.93,,,,,,,9.18,,,,,,,,9.11
2018-01-19,,,9.27,,,,,,,,8.46,,,,,,9.15,,,,,8.82,8.5,,,8.84,,,,,,,,,9.17,8.75,7.95,,,,9.32,5.99,,,,,,,,,,,,,,,8.6,,,9.1,9.18,,,,,,,,,8.68,,,,,,,,,8.73,,,,,,,,,,,,,,,,,9.01,,,,,,,,,,7.96,,,,,,9.17,,,,,8.08,,7.96,,,,,6.96,,,,8.01,,7.3,,,,8.82,,,,,,,,,,,,,9.38,,,,9.39,8.42,,9.1,,,,,,,,,,4.21,8.04,,7.5,,,,,,,,9.13,,,,,,,,,,7.52,,,,,,8.3,8.93,,,,,,,9.18,,,,,,,,9.11
2018-01-20,,,9.27,,,,,,,,8.45,,,,,,9.15,,,,,8.92,8.5,,,8.85,,,,,,,,,9.17,8.75,7.95,,,,9.32,5.98,,,,,,,,,,,,,,,8.6,,,9.1,9.18,,,,,,,,,8.68,,,,,8.71,,,,8.64,,,,,,,,8.53,,,,,,,,,9.01,,,,,,,,,,7.96,,,,,,9.17,,,,,8.07,,7.96,,,,,6.96,,,,8.01,,7.28,,,,8.82,,,,,,,,,,,,,9.39,,,,9.39,8.42,,9.1,,,,,,,,,,4.1,8.05,,7.49,,,,,,,,9.13,,,,,,,,,,7.51,,,,,,8.32,8.92,,,,,,,9.18,,,,,,,,9.11
2018-01-21,,,9.28,,,,,,,,8.44,,,,,,,,,,,9.0,8.5,,,8.85,,,,,,,,,9.17,8.75,7.96,,,,9.32,5.95,,,,,,,,,,,,,,,8.6,,,9.1,9.19,,,,,,,,,8.68,,,,,8.71,,,8.27,8.47,,,,,,,,8.54,,,,,,,,,9.01,,,,,,,,,,7.96,,,,,,9.17,,,,,8.07,,7.95,,,,,6.96,,,,8.01,,7.25,,,,8.83,,,,,,,,,,,,,9.4,,,,9.39,8.42,,9.1,,,,,,,,,,4.21,8.06,,7.44,,,,,,,,9.15,,,,,,,,,,7.49,,,,,,8.32,8.92,,,,,,,9.18,,,,,,,,9.11
2018-01-22,,,9.28,,,,,,,,8.43,,,,,,,,,,,9.0,8.5,,,8.85,,,,,,,,,9.17,8.75,7.96,,,,9.32,5.94,,,,,,,,,,,,,,,8.6,,,,9.19,,,,,,,,,8.68,,,,,,,,,8.38,,,,,,,,8.54,,,,,,,,,,,,,,,,,,,7.96,,,,,,9.17,,,,,8.07,,7.95,,,,,6.96,,,,8.01,,7.25,,,,8.84,,,,,,,,,,,,,9.4,,,,9.39,8.42,,9.1,,,,,,,,,,4.22,8.05,,7.44,,,,,,,,9.16,,,,,,,,,,7.49,,,,,,8.32,8.91,,,,,,,9.18,,,,,,,,9.11
2018-01-23,,,9.28,,,,,,,,8.43,,,,,,,,,,,9.0,8.5,,,8.85,,,,,,,,,9.17,8.75,7.96,,,,,5.92,,,,,,,,,,,,,,,8.6,,,,9.19,,,,,,,,,8.68,,,,,,,,,8.34,,,,,,,,8.54,,,,,,,,,,,,,,,,,,,7.96,,,,,,9.17,,,,,8.08,,7.96,,,,,6.96,,,,8.01,,7.24,,,,8.84,,,,,,,,,,,,,9.4,,,,9.39,8.42,,9.1,,,,,,,,,,4.27,8.05,,7.43,,,,,,,,9.16,,,,,,,,,,7.5,,,,,,8.32,8.91,,,,,,,,,,,,,,,9.11
2018-01-24,,,9.28,,,,,,,,8.42,,,,,,,,,,,8.99,,,,8.86,,,,,,,,,9.17,8.75,7.97,,6.83,,,5.91,,,,,,,,,,,,,,,8.6,,,,9.19,,,,,,,,,8.68,,,,,,,,,8.31,,,,,,,,8.54,,,,,,,,,9.01,,,8.87,,,,,,,7.96,,,,,,9.17,,,,,8.07,,7.95,,,,,6.96,,,,8.01,,7.24,,,9.34,8.84,,,,,,,,,,,,,9.41,,,,9.39,,,9.1,,,,,,,,,,4.31,8.04,8.42,7.43,,,,,,,,9.16,,,,,,,,,,7.51,,,,,,8.32,8.91,,,,,,,,,,,,,,,9.11
2018-01-25,,,9.28,9.06,,,,,,,8.42,,,,,,,,,,,8.96,,,,8.86,,,,,,,,,9.17,8.75,7.97,,,,,5.89,,,,,,,,,,,,,,,8.6,,,9.09,9.19,,,,,,,,,8.68,,,,,8.71,,,,8.28,,,,,,,,8.54,,,,,,,,,9.01,,,8.87,,,,,,,,,,,,,9.17,,,,,8.08,,7.95,,,,,6.96,,,,8.01,,7.2,,,9.34,8.84,,,,,,,,,,,,,9.4,,,,9.39,,,9.1,,,,,,,,,,4.35,8.04,8.42,7.45,,,,,,,,9.16,,,,9.21,,,,,,,,,,,,8.32,8.91,,,,,,,,,,,,,,,9.11
2018-01-26,,,9.28,8.97,,,,,,,8.42,,,,,,,,,,,8.95,,,,8.86,,,,,,,,,9.17,8.75,7.97,,,,,5.87,,,,,,,,,,,,,,,8.6,,,9.1,9.19,,,,,,,,,8.68,,9.22,,,8.71,,,,8.26,,,,,,,,8.54,,,,,,,,,9.01,,,8.87,,,,,,,,,,,,,9.17,,,,,8.08,,7.95,,,,,6.96,,,,8.01,,7.2,,,9.34,8.84,,,,,,,,,,,,,9.4,,,,9.39,,,9.1,,,,,,,,,,4.34,8.04,8.42,7.45,,,,,,,8.65,9.16,,,,9.22,,,,,,,,,,,,8.33,8.91,,,,,,,,,,,,,,,
2018-01-27,,,9.28,8.96,,,,,,,8.41,,,,,,,,,,,8.97,,,,8.86,,,,,,,,,9.17,8.75,7.98,,,,,5.84,,,,,,,,,,,,,,,8.6,,,9.1,9.19,,,,,,,,,8.68,,9.22,,,8.71,,8.13,,8.23,,,,,,,,8.55,,,,,,,,,9.01,,,8.87,,,,,,,,,,,,,9.17,,,,,8.07,,7.96,,,,,6.95,,,,8.01,,7.2,,,9.34,8.84,,,,,,,,,,,,,9.41,,,,9.39,,,9.1,,,,,,,,,,4.37,8.04,8.42,7.44,,,,,,,8.62,9.17,,,,9.22,,,,,,,,,,,,8.33,8.91,,,,,,,,,,,,,,,
2018-01-28,,,9.28,9.01,,,,,,,8.41,,,,,,,,,,,8.98,,,,8.86,,,,,,,,,9.17,8.75,7.98,,,,,5.73,,,,,,,,,,,,,,,8.6,,,9.1,9.19,,,,,,,,,8.68,,9.22,,,8.71,,,,8.18,,,,,,,,8.55,,,,,,,,,9.01,,,8.87,,,,,,,,9.24,,,,,9.18,,,,,8.07,,7.96,,,,,6.96,,,,8.01,,7.21,,,9.34,8.84,,,,,,,,,,,,,9.41,,,,9.39,,,9.1,,,,,,,,,,4.36,8.04,8.42,7.42,,,,,,,8.55,9.17,,,,9.22,,,,,,,,,,,,8.33,8.92,,,,,,,,,,,,,,,
2018-01-29,,,9.28,8.97,,,,,,,8.4,,,,,,,,,,,8.99,,,,8.86,,,,,,,,,9.17,8.75,7.98,,,,,5.7,,,,,,,,,9.35,,,,,,8.6,,,9.1,9.19,,,,,,,,,8.68,8.33,9.22,,,,,,,8.16,,,,8.43,,,,8.55,,,,,,,,,9.01,,,8.87,,,,,,,,9.32,,,,,9.18,,,,,8.07,,7.96,,,,,6.95,,,,8.01,,7.2,,,9.34,8.84,,,,,,,,,,,,,9.4,,,,9.39,,,9.1,,,,,,,,,,4.36,8.04,8.42,7.43,,,,,,,8.52,9.17,,,,9.22,,,,,,,,,,,,8.32,8.92,,,,,,,,,,,,,,,
2018-01-30,,,9.28,8.92,,,,,,,8.4,,,,,,,,,,,8.97,,,,8.86,,,,,,,,,9.17,8.75,7.98,,,,,5.68,,,,,,,,,9.35,,,,,,8.6,,,,9.19,,,,,,,,,8.68,,9.22,,,,,,,8.15,,,,8.4,,,,8.55,,,,,,,,,9.01,,,8.87,,,,,,,,9.32,,,,,9.18,,,,,8.07,,7.95,,,,,6.95,,,,8.01,,7.2,,,9.34,8.84,,,,,,,,,,,,,9.4,,,,9.39,,,9.1,,,,,,,,,,4.39,8.04,8.42,7.43,,,,,,,8.54,9.18,,,,9.21,,,,,,,,,,,,8.31,8.92,,,,,,,,,,,,,,,
2018-01-31,,,9.28,8.9,,,,,,,8.4,,,,,,,,,,,8.97,,,,8.86,,,,,,,,,9.17,8.75,7.98,,,,,5.65,,,,,,,,,9.35,,,,,,8.6,,,,9.19,,,,,,,,,,,9.22,,,,,,,8.14,,,,8.39,,,,,,,,,,,,,9.01,,,,,,,,,,,9.31,,,,,9.18,,,,,8.08,,7.95,,,,,,,,,8.01,,,,,9.35,,,,,6.34,,,,,,,,,9.41,,,,9.39,,,,,7.92,,,,,,,,4.41,8.03,8.42,7.42,,,,,,,8.49,9.18,,,,9.22,,,,,,,,,,,,8.32,8.92,,,,,,,,,,,,,,,
2018-02-01,,,9.28,8.9,,,,,,,8.4,,,,,,,,,,,8.97,,,,8.86,,,,,,,,,9.17,8.75,7.98,,,,,,9.16,,,,,,5.63,,9.35,,,,,,8.6,,,,9.19,,,,,,,,,,,9.22,,,,,,,8.13,,,,,,,,,,,,,,,,,9.01,,,,,,,,,,,9.31,,,,,9.18,,,,,8.08,,7.95,,,,,,,,,8.01,,,,,9.35,,,,,5.75,,,,,,,,,9.41,,,,9.39,,,,,7.67,,,,,,,,4.43,8.04,8.42,7.41,8.09,,,,,,8.47,9.17,,,,9.22,9.27,,,,,,,,,,,8.32,8.92,,,,,,,,,,,,,,,
2018-02-02,,,9.28,8.89,,,,,,,8.4,,,,,,,,,,,8.97,,,,8.86,,,,,,,,,9.17,8.75,7.99,,,,,,9.17,,,,,,5.56,,9.35,,,,,,8.6,,,,9.19,,,,,,,,,,,9.22,,,,,,,8.12,,,,,,,,,,,,,,,,,9.01,,,,,,,,,,,9.31,,,,,9.17,,,,,8.07,,7.95,,,,,,,,,8.01,,,,,9.35,,,,,5.56,,,,,,,,,9.4,,,,9.39,,,,,7.51,,,,,,,,4.43,8.04,8.42,7.39,8.09,,,,,,8.48,9.17,8.39,,,9.22,9.27,,,,,,,,,,,8.32,8.92,,,,,,,,,,,,,,,
2018-02-03,,8.92,9.28,8.89,,,,,,,8.4,,,,,,,,,,,8.98,,,,8.86,,,,,,,,,9.17,8.75,7.99,,,,,,9.2,,,,,,5.52,,9.35,,,,,,8.6,,,,9.19,,,,,,,,,,,9.22,,,,,,,8.11,,,,,,,,,,,,,,,,,9.01,,,,,,,,,,,9.31,,,,,9.17,,,,,8.06,,7.95,,,,,,,,,8.01,,,,,9.35,,,,,5.41,,,,,,,,,9.4,,,,9.39,,,,,7.44,,,,,,,,4.43,8.04,8.42,7.39,8.08,,,,,,8.48,9.17,8.39,,,9.22,9.27,,,,,,,,,,,8.31,8.92,,,,,,,,,,,,,,,
2018-02-04,,9.03,9.28,8.9,,,,,,,8.4,,,,,,,,,,,8.98,,,,8.86,,,,,,,,,9.17,8.75,8.0,,,,,,9.19,,,,,,5.48,,9.35,,,,,,8.6,,,,9.19,,,,,,,,,,,9.22,,,,,,,8.11,,,,8.39,,,,,,,,,,,,,9.01,,,,,,,,,,,9.31,,,,,9.17,,,,,8.06,,7.95,,,,,,,,,8.01,,,,,9.35,,,,,5.31,,,,,,,,,9.41,,,,9.39,,,,,7.57,,,,,,,,4.42,8.04,8.42,7.39,8.09,,,,,,8.47,9.18,8.39,,,9.22,9.27,,,,,,,,,,,8.31,8.92,,,,,,,,,,,,,,,
2018-02-05,,9.06,9.28,8.91,,,,,,,8.4,,,,,,,,,,,8.97,,,,,,,,,8.65,,,,9.17,8.75,8.0,,,,,,9.19,,,,,,5.46,,9.35,,,,,,8.6,,,,9.19,,,,,,,,,,,9.22,,,,,,,8.1,,,,8.39,,,,,,,,,,,,,9.01,,,,,,,,,,7.95,9.29,,,,,9.18,,,,,8.06,,7.95,,,,,,,,,8.01,,,,,9.35,,,,8.87,5.26,,,,,,,,,9.42,,,,9.39,,,,,7.46,,,,,,,,4.44,8.04,8.42,7.39,8.1,,,,,,8.47,9.18,8.39,,,9.22,9.28,,,,,,,,,,,8.3,8.92,,,,,,,,,,,,,,,
2018-02-06,,9.01,9.28,8.91,,,,,,,8.4,,,,,,,,,,,8.97,,,,8.86,,,,,8.65,,,,9.17,8.75,8.01,,,,,,9.19,,,,,,5.42,,9.35,,,,,,8.6,,,,9.19,,,,,,,,,,,9.22,8.9,,,,,,8.1,,,,8.39,,,,,,,,,,,,,,,,,,,,,,,7.95,9.29,,,,,9.17,,,,,8.06,,7.95,,,,,,,,,8.01,,,,,9.35,,,,8.87,5.21,,,,,,,,,9.43,,,,9.39,,,,,7.41,,,,,,,,4.44,8.04,,7.39,8.11,,,,,,8.46,9.19,8.39,,,9.22,9.28,,,,,,,,,,,8.31,8.92,,,,,,,,,,,,,,,
2018-02-07,,8.94,9.28,8.9,,,,,,,8.39,,,,,,,,,,,8.96,,,,8.86,,,,,8.65,,,,9.17,8.75,8.01,,,,,,9.19,,,,,,5.37,,9.35,,,,,,8.6,,,,9.19,,,,,,,,,,,9.22,8.9,,,,,,8.1,,,,8.39,,,,,,,,,,,,,,,,,,,,,,,7.95,9.28,,,,,9.18,,,,,8.06,,7.96,,,,,,,,,8.01,,,,,,,,,8.87,5.19,,,,,,,,,9.43,,,,9.39,,,,,7.37,,,,,,,,4.45,8.03,,,8.11,,,,,,8.46,9.19,,,,9.22,9.28,,,,,,,,,8.57,,8.31,8.92,,,,,,,,,,,,,,,
2018-02-08,,8.93,9.27,8.89,,,,,,,8.39,,,,,,,,,,,8.96,,,,8.86,,,,,8.65,,,,9.17,,8.02,,,,,,9.18,,7.6,,,,5.26,,9.35,,,,,,8.6,,,,9.19,,,,,,,,,,,9.22,8.9,,,,,,8.1,,,,,,,,,,,,,,,,,,,,,,,,,,,7.95,9.24,,,,,9.18,,,,,8.06,,7.96,,,,,,,,,8.01,,,,,,,,,8.88,5.18,,,,,,,,,9.43,,,,9.39,,,,,7.33,,,,,,7.96,,,,,,8.11,,,,,,8.47,9.19,,,,9.22,9.28,,,,,,,,,8.57,,8.31,8.92,,,,,,,,,,,,,,,
2018-02-09,,8.92,9.27,8.89,,,,,,,8.39,,,,,,,,,,,8.96,,,,8.86,,,,,8.65,,,,9.17,,8.02,,,,,,9.18,,,,,,5.27,,9.35,,,,,,8.6,,,,9.19,,,,,,,,,,,9.22,8.91,,,,,,8.1,,,,,,,,,,,,,,,,,,,,,,,,,,,7.95,9.25,,,,,9.18,,,,,8.07,,7.96,,,,,,,,,8.0,,,,,,,,,8.88,5.17,,,,,,,,,9.43,,,,9.39,,,,,7.3,,,,,,8.06,,,,,,8.12,,,,,,8.45,9.2,,,,9.22,9.28,,,,,,,,,8.57,,8.31,8.91,,,,,,,,,,,,,,,
2018-02-10,,8.93,9.27,8.89,,,,,,,8.39,,,,,,,,,,,8.96,,,,8.86,,,,,8.65,,,,9.17,,8.02,,,,,,9.18,,,,,,,,,,,,,,8.6,,,,9.19,,,,,,,,,,,9.22,8.91,,,,,,8.1,,,,,,,,,,,,,,,,,,,,,,,,,,,7.95,9.22,,,,,9.18,,,,,8.06,,7.96,,,,,,,,,8.01,,,,,,,,,8.87,5.15,7.69,,,,,,,,9.43,,,,9.39,,,,,7.28,,,,,,7.94,,,,,,8.11,,,,,,8.45,9.2,,,,9.22,9.28,,,,,,,,,8.57,,8.3,8.92,,,,,,,,,,,,,,,
2018-02-11,,8.88,9.27,8.89,,,,,,,8.39,,,,,,,,,,,8.96,,,,8.86,,,,,8.65,,,,9.17,,8.02,,,,,,9.19,,,,,,,,,,,,,,8.6,,,,9.19,,,,,,,,,,,9.22,8.91,,,,,,8.09,,,,,,,,,,,,,,,,,,,,,,,,,,,7.95,9.21,,,,,9.17,,,,,8.06,,7.96,,,,,,,,,8.01,,,,,,,,,,5.15,,,,,,,,,9.42,,,,9.39,,,,,7.23,,,,,,7.72,,,,,,8.1,,,,,,8.45,9.2,,,,9.22,9.28,,,,,,,,,,,8.3,8.92,,,,,,,,,,,,,,,
2018-02-12,,8.85,9.27,8.88,,,,,,,8.39,,,,,,,,9.33,,,8.96,,,,8.86,,,,,,,,,9.17,,8.02,,,,,,9.2,,,,,,,,,,,,,,8.6,,,,9.19,,,,,,,,,,,9.22,8.91,,,,,,8.09,,,,,,,,,,,,,,,,,,,,,,,,,,,7.95,9.2,,,,,9.17,,,,,8.06,,7.96,,,,,,,,,8.0,,,,,,,,,,5.14,,,,,,,,,9.41,,,,9.39,,,,,7.23,,,,,,7.65,,,,,,8.1,,,,,,8.45,9.2,,,,9.22,9.29,,,,,,,,,,9.12,8.31,8.92,,,,,,,,,,,,,,,
2018-02-13,,8.85,9.27,8.86,,,,,,,8.39,,,,,,,,9.33,,,8.96,,,,8.86,,,,,,,,,9.17,,8.02,,,,,,9.21,,,,,,,,,,,,,,8.6,,,,9.19,,,,,,,,,,,9.22,8.91,,,,,,8.09,,,,,,,,,,,,,,,,,,,,,,,,,,,7.95,9.18,,,,,9.17,,,,,8.06,,7.96,,,,,,,,,8.0,,,,,,,,,,5.13,,,,,,,,,9.41,,,,9.39,,,,,7.2,,,,,,7.59,,,,,,8.11,,,,,,8.45,9.2,,,,9.22,9.29,,,,,,,,,,9.15,8.31,8.92,,,,,,,,,,,,,,,
2018-02-14,,8.84,9.26,8.78,,,,,,,,,,,,7.61,,,9.33,,,8.96,,,,8.86,,,,,,,,,9.17,,8.02,,,,,,9.2,,,,,,,,,,,,,,8.6,,,,9.19,,,,,,,,,,,,8.91,,,,,,8.09,,,,,,,,,,,,,,,,,,,,,,,,,8.02,,7.95,9.14,,,,,9.17,,,,,8.06,,7.96,,,,,,,,,8.0,,,,,,,,,,5.12,,,,,,,,,9.4,,,,9.39,,,,,7.16,,,,,,7.51,,,,,,8.11,,,,,,8.45,9.2,,,,9.22,9.29,,,,,,,,,,9.16,8.31,8.92,,,,,,,,,,,,,,,
2018-02-15,,8.84,9.26,8.75,,,,,,,,,,,,6.81,,,9.33,,,8.96,,,,8.86,,,,,,,,,9.17,,8.02,,,,,,9.21,,,,,,,,,,,,,,8.6,,,,9.19,,,,,,,,,,,,8.91,,,,,,8.09,,,,,,,,,,,,,,,,,,,,,,,,,7.81,8.73,7.95,9.12,,,,,9.17,,,,,8.06,,7.96,,,,,,,,,7.99,,,,,,,,,,5.09,,,,,,,,,9.4,,,,9.39,,,,,7.14,,,,,,7.44,,,,,,8.11,,,,,,,9.2,,,,9.22,9.29,,,,,,,,,,9.18,8.31,8.92,,,,,,,,,,,,,6.58,,
2018-02-16,,8.83,9.26,8.76,,,,,,,,,,,,6.39,,,9.33,,,8.96,,,,8.86,,,,,,,,,9.17,,8.03,,,,,,9.21,,,,,,,,,,,,,,8.6,,,,9.19,,,,,,,,,,,,8.91,,,,,,8.09,,,,,,,,,,,,,,,,,,,,,,,,,7.8,8.73,7.96,9.11,,,,,9.17,,,,,8.06,,7.96,,,,,,,,,7.98,,,,,,,,,,5.09,,,,,,,,,9.4,,,,9.39,,,,,7.13,,,,,,7.35,,,,,,8.1,,,,,,,9.2,,,,9.22,9.29,,,,,,,,,,9.2,8.31,8.92,,,,,,,,,,,,,5.99,,
2018-02-17,,8.83,9.26,8.77,,,,8.52,,,,,,,,6.14,,,9.33,,,8.96,,,,8.86,,,,,,,,,9.17,,8.03,,,,,,9.23,,,,,,,,,,,,,,8.6,,,,9.19,,,,,,,,,,,,8.91,,,,,,8.08,,,,,,,,,,,,,,,,,,,,,,,,,7.67,8.73,7.95,9.1,,,,,9.17,,,,,8.06,,7.96,,,,,,,,,7.97,,,,,,,,,,5.08,,,,,,,,,9.4,,,,9.39,,,,,7.06,,,,,,7.27,,,,,,8.1,,,,,,,9.21,,,,9.22,9.29,,,,,,,,,,9.19,8.31,8.91,,,,,,,,,,,,,5.69,,
2018-02-18,,8.83,9.26,8.79,,,,8.53,,,,,,,,6.1,,,9.33,,,8.96,,,,8.86,,,,,,,,,9.17,,,,,,,,9.23,,,,,,,,,,,,,,8.6,,,,9.19,,,,,,,,,,,,8.91,,,,,,8.08,,,,,,,,,,,,,,,,,,,,,,,,,7.56,8.73,7.95,9.09,,,,,9.17,,,,,8.06,,7.96,,,,,,,,,7.96,,,,,,,,,,5.08,,,,,8.32,,,,9.4,,,,9.39,,,,,7.04,,,,,,7.22,,,,,,8.11,,,,,,,9.21,,,,9.22,9.29,,,,,,,,,,9.17,8.31,8.91,,,,,,,,,,,,,5.52,,
2018-02-19,,8.84,9.26,8.81,,,,8.56,,,8.38,,,,,6.01,,,9.33,,,8.96,,,,,,,,,,,,,9.17,,,,,,,,9.22,,,,,,,,,,,,,,8.6,,,,9.19,,,,,,,,,,,,8.91,,,,,,8.08,,,,,,8.67,,,,,,,,,,,,,,,,,6.05,,7.52,8.73,,9.09,,,,,9.17,,,,,8.05,,7.96,,,,,,8.75,,,7.95,,,,,,,,,,5.08,,,,,8.31,,,,9.39,,,,9.39,,,,,7.03,,,,,,7.17,,,,,,8.1,,,,,,,9.21,,,,9.21,9.29,,,,,,,,,,9.17,8.31,8.92,,,,,,,,,,,,,5.45,,
2018-02-20,,8.84,9.26,8.83,,,,8.56,,,8.38,,,,,5.96,,,9.33,,,8.96,,,,,,,,,,,,,9.17,,,,,,,,9.22,,,,,,,,,,,,,,8.6,,,,9.2,,,,,,,,,,,9.22,,,8.7,,,,8.08,8.63,,,,9.1,8.67,8.08,,,,,,,,,,,,,,,,6.05,,7.53,8.73,,9.09,,,,,,,,,,8.05,,7.95,,,,,,8.75,,,7.95,,,,,,,,,,5.08,,,,,8.31,,8.25,,9.4,,,,9.39,,,,,7.04,,,,9.54,,7.14,,,,,,8.1,,,,,,,9.21,,,,9.21,9.29,,,,,,,,,,9.18,8.31,8.92,,,,,,,,,,,,,5.4,,
2018-02-21,,8.84,9.26,8.82,,,,8.54,,,8.38,,,,,5.92,,,9.33,,,8.96,,,,,,,,,,,,,9.17,,,,,,,,9.22,,,,,,,,,,,,,,8.6,,,,9.2,,,,,,,,,,,9.22,,,8.7,,,,8.08,8.56,,,,9.1,8.67,8.09,,,,,,,,,,,,,,,9.0,6.06,,7.54,8.73,,9.09,,,,,,,,,9.22,8.05,,7.95,,,,,,,,,7.94,,,7.09,,,,,,,5.08,,,,,8.31,,8.25,,9.4,,,,9.39,,,,,7.03,,,,9.34,,7.12,,,,,,8.1,,,,,,8.39,9.21,,,,9.21,9.29,,,,,,,,,,9.17,8.32,8.92,,,,,,,,,,,,,5.39,,
2018-02-22,,8.84,9.26,8.81,,,,8.53,,,8.38,,,,7.36,5.89,,,9.33,,,8.95,,,,,,,,,,,,,9.17,,,,,,,,9.19,,,,,,,,,,,,,,8.6,,,,9.19,,,,,,,,,,,9.22,,,8.7,,,,,8.55,,,,9.1,8.67,8.09,,,,,,,,,,,,,,,9.0,6.06,,7.54,8.73,,9.09,,,,,,,,,,8.05,,7.95,,,,,,,,,7.94,,,7.09,,,,,,,5.08,,,,,8.3,,8.25,,9.4,,,,9.39,,,,,7.04,,,,9.29,,7.1,,,,,,8.1,,,,,,8.39,9.21,,,,9.21,9.29,,,,,,,,,,9.18,8.32,8.92,,,,,,,,,,,,,5.2,,
2018-02-23,,8.84,9.26,8.81,8.27,,,8.52,,,8.38,,,,7.36,5.85,,,9.33,,,8.95,,,,,,,,,,,,,9.17,,,,,,,,9.19,,,,,,,,,,,,,,8.6,,,,9.19,,,,,,,,,,,9.22,,,8.7,,,,,8.49,,,,9.1,8.67,8.09,,,,,,,,,,,,,,,9.0,6.06,,7.54,8.73,,9.09,,,,,,,,,,8.05,9.21,7.95,,,,,,,,,7.94,,,7.09,,,,,,,5.08,,,,,8.3,,8.25,,9.4,,8.64,,9.39,,,,,7.03,,,,9.29,7.67,7.05,,,,,,8.1,,,,,,8.39,9.21,,,,9.21,9.29,,,,,,,,,,9.18,8.32,8.92,,,,,,,,,,,,,4.98,,
2018-02-24,,8.84,9.26,8.81,8.25,,,8.51,,,8.38,,,,7.36,5.83,,,9.33,,,8.95,,,,,,,,,,,,,9.17,,,,,,,,9.17,,,,,,,,,,,,,,8.6,,,,9.19,,,,,,,,,,,9.22,,,8.7,,,,,8.49,,,,9.1,8.67,8.09,,,,5.07,,,,,,,,,,,9.0,6.06,,7.52,8.73,,9.09,,,,,,,,,,8.05,9.04,7.95,,,,,,,,,7.93,,,7.09,,,,,,,5.09,,,,,8.3,,8.25,,9.39,,8.64,,9.39,,,,,7.03,,,,9.29,7.67,7.03,,,,,,8.1,,,,,,8.39,9.21,,,,9.21,9.29,,,,,,,,,,9.19,8.32,8.92,,,,,,,,,,,,,4.95,,
2018-02-25,,8.84,9.26,8.81,8.18,,,8.53,,,8.38,,,,7.36,5.81,,,9.33,,,8.96,,,,,,,,,,,,,9.17,,,,,,,,9.17,,,,,,,,,,,,,,8.6,,,,9.19,,,,,,,,,,,9.22,,,8.7,,,,,8.49,,,,9.1,8.67,8.09,,,,,,,,,,,,,,,9.0,6.06,,7.53,8.73,,9.11,,,,,,,,,,8.05,8.92,7.95,,,,,,,,,7.93,,,7.09,,,,,,,5.08,,,,,8.31,,8.25,,9.39,,8.59,,9.39,,,,,7.03,,,,9.29,7.67,7.0,,,,,,8.11,,,,,,8.39,9.21,,,,9.2,9.29,,,,,,,,,,9.19,8.32,8.92,,,,,,,,,,,,,,4.93,
2018-02-26,,8.84,9.26,8.81,8.19,,,8.53,,,8.38,,,,,5.79,,,9.33,,,8.95,,,,,,,,,,,8.67,,9.17,,8.05,,,,,,9.18,,,,,,,,,,,,,,8.6,,,,9.2,,,,,,,,,,,9.22,,,8.7,,,,,8.49,,,,9.1,8.67,8.09,,,,,,,,,,,,,,,9.0,6.06,,7.54,8.73,,9.09,9.19,,,,,,,,,8.05,8.8,7.95,,,,,,,,,7.93,,,7.09,,,,,,,,7.69,,,,8.31,,8.25,,9.39,,8.44,,9.39,,,,,7.03,,,,9.29,7.67,6.98,,,,,,8.11,,,,,,8.39,9.21,,,,9.2,9.29,,,,,,,,,,9.18,8.32,8.92,,,,,,,,,,,,,,,
2018-02-27,,8.84,9.26,,8.18,,,8.53,,,8.38,,,,,5.78,,,,,,8.95,,,,,,,,,,,8.67,,9.17,,8.04,,,,,,9.18,,,,,8.3,,,,,,,,,8.6,,,,9.19,,,,,,,,,,,9.22,,,8.7,,,,,8.5,,,,9.1,8.67,8.09,,,,,,,,,,,,,,,9.0,6.06,,7.54,8.73,,9.09,9.19,,,,,,,,,8.05,8.88,7.96,,,,,,,,,7.93,,,7.09,,,,,,,,,,,,8.3,,8.25,,9.39,,8.36,,9.39,,,,,7.03,,,,9.29,,6.94,,,,,,8.11,,,,,,8.39,9.21,,,,9.2,9.29,,,,,,,,,,9.17,8.32,,,,,,,,,,,,,,,4.78,
2018-02-28,,8.84,9.26,,8.15,,,8.51,,,8.38,,,,,5.76,,,,8.32,,8.95,,,,,,,,,,,8.67,7.7,9.17,,8.04,,,,,,9.18,,,,,8.3,,,,,,,,,8.6,,,,9.19,,,,,,9.08,,,,,9.22,,,8.7,,,,,8.5,,,,9.1,8.67,8.09,,,,,,,,,,,,,,,9.0,6.06,,7.53,8.73,,9.09,9.19,,,,,,,,,8.05,8.81,7.96,,,,,,,,,7.93,,,7.09,,,,,,,,,,,,8.32,,8.26,,9.39,,8.36,,9.39,,,,,,,,,9.29,,6.87,,,,,,8.11,,,,,,,9.21,,,,9.2,9.29,,,,,,,,,,9.17,8.31,,,,8.92,,,,,,,,,,,4.72,
2018-03-01,,8.85,9.26,,8.12,,,8.53,,,,,,,,5.75,,,,7.82,,8.95,,,,,,,,,,,8.67,7.57,,,8.05,,,,,,9.19,,,,,8.3,,,,,,,,,8.6,,,,9.2,,8.84,,,,9.05,,,,,9.22,,,8.7,,,,,8.45,,,,,8.67,8.09,,,,,,,,,,,,,,,9.0,,,7.54,8.73,,9.1,9.19,,,,,,,,,8.06,8.76,7.96,,,,,,,,,7.92,,,7.09,,,,,,,,,,,,8.32,,8.26,,9.4,,8.34,,9.39,,,,,,,,,9.29,,6.85,,,,,,8.11,,,,,,,9.21,,,,9.2,9.29,,,,,,,,,,9.14,8.31,,,,8.91,,,,,,,,,,,4.65,
2018-03-02,,8.85,9.26,,8.13,,,8.54,,,,,,5.56,,5.75,,,,7.66,,8.95,,,,,,,,,,,8.68,7.62,,,8.05,,,,,,9.19,,,,,8.3,,,,,,,,,8.6,,,,9.2,,8.87,,,,8.96,7.35,,,,9.22,,,8.7,,,,8.08,8.45,,,,,8.67,8.09,,,,,,,,,,,,,,,9.0,,,7.55,8.73,,9.1,9.19,,,,,,,,,8.06,8.72,7.96,,,,,,,,,7.92,,,7.09,,,,,,,,,,,,8.32,,8.26,,9.38,,8.33,,9.39,,,,,,,,,9.29,,6.84,,,,,,8.11,,,,,,,9.21,,,,9.2,9.29,,,,,,,,,,9.13,8.31,,,,8.91,,,,,,,,,,,4.58,
2018-03-03,,8.85,,,8.15,,,8.56,,,,,,5.34,,5.74,,,,7.57,,8.95,,,,,,,,,,,8.68,7.72,9.17,,8.05,,,,,,9.2,,,,,8.3,,,,,,,,,8.6,,,,9.2,,8.94,,,,8.93,7.35,,,,,,,8.7,,,,,8.45,,,,,8.67,8.09,,,,,,,,,,,,,,,9.0,,,7.54,8.73,,9.1,9.19,,,,,,,,,8.06,8.7,7.96,,,,,,,,,7.92,,,7.09,,,,,,,,,,,,8.31,,8.26,,9.38,,8.3,,9.39,,,,,,,,,9.29,,6.84,,,,,,8.11,,,,,,,9.22,,,,9.2,9.29,,,,,,,7.93,,,9.12,8.31,,,,8.9,9.18,,,,,,,,,,4.55,
2018-03-04,,8.85,9.26,,8.13,,,8.57,,,,,,5.07,,5.74,,,,7.45,,8.95,,,,,,,,,,,8.68,7.59,9.17,,8.05,,,,,,9.21,,,,8.86,8.3,,,,,,,,,8.6,,,,9.19,,8.89,,,,8.87,7.35,,,,,,,8.7,,,,,8.44,,,,,,8.09,,,,,,,,,,,,,,,9.0,,,7.55,8.73,,9.1,9.19,,,,,,,,,8.06,8.66,7.96,,,,,,,,,7.92,,,,,,8.83,,,,,,,,,8.32,,8.26,,9.39,,8.33,,9.39,,,,,,,,,,,6.83,,,,,,8.11,,,,,,,9.22,,,,9.2,9.29,,,,,,,7.93,,,9.13,8.31,,,,8.88,9.18,,,,,,,,,,4.53,
2018-03-05,,8.85,9.26,,8.1,,,8.58,,,,,,5.04,,5.74,,,,7.37,,8.95,,,,,,,,,,,8.68,7.57,9.17,,8.05,,,,,,9.21,,,,8.83,8.3,,,,,,,,,8.6,,,,9.19,,8.86,,,,8.85,7.35,,,,,,,8.7,,,,,8.43,,,,,,8.09,,,,,,,,,,,,,,,9.0,,,7.55,8.73,,9.1,9.19,,,,9.17,,,,,8.06,8.63,7.96,,,,,,,,,7.92,,,,,,8.83,,,,,,,,,8.32,,8.27,,9.39,,8.32,,9.39,,,,,,,,,9.29,,6.83,,,,,,8.11,,,,,,,9.22,,,,9.2,9.29,,,,,,,7.93,,,9.12,8.32,,,,8.88,9.18,,,,,,,,,,,
2018-03-06,,8.85,9.26,,8.09,,,8.59,,,,,,5.01,,5.73,,,,7.31,,8.95,,,,,,,,,,,8.68,7.53,9.17,,8.06,,,,,,9.21,,,,8.81,8.3,,,,5.15,,,,,8.6,,,,9.19,,8.86,,,,8.83,7.35,,,,,,,8.7,,,,,8.44,,,,,,,,,,,,,,,,,,,,,9.0,,,7.55,8.73,,9.1,9.19,,,,,,,,,8.06,8.6,7.96,,,,,,,,,7.91,,,,,,8.83,,,,,,,,,8.31,,8.27,,9.39,,8.32,,9.39,,,,,,,,,9.29,,6.82,,,,,,8.11,,,,,,,9.22,,,,9.2,9.29,,,,,,,7.93,,,9.12,8.32,,,,8.88,9.18,,,,,,,,,,4.5,
2018-03-07,,8.85,9.26,,8.09,,,8.59,,,,,,4.95,,5.69,,,,7.26,,8.95,,,,,,,,,,,8.68,7.52,9.17,,8.05,,,,,,9.2,,,,8.83,8.3,,,,5.15,,,,,8.6,,,,9.19,,8.82,,,,8.83,,,,,,,,8.7,,,,,8.45,,,,,,8.09,,,,,,,,,,,,,,,9.01,,,7.54,8.73,,9.1,9.19,,,,9.17,,,,,8.06,8.57,7.96,,,,,,,,,7.91,,,,,,8.83,,,,,,,,,8.32,,8.27,,9.39,,8.3,,9.39,,,,,,,,,9.29,,6.82,,,,,,8.11,,,,,,,9.22,,,,9.2,9.29,,,,,,,7.93,,,9.12,8.31,,,,8.88,9.18,,,,,,,,,,,
2018-03-08,,8.85,9.26,,8.07,,,8.59,,,,,,,,5.62,,,,7.22,,8.95,,,,,,,,,,,8.68,7.51,9.17,,8.06,,,,,,9.11,,,,8.83,8.3,,,,5.15,,,,,8.6,,,,9.19,,8.82,,,,8.82,,,,,,,,8.7,,,,,8.44,,,,,,8.09,,,,,,,,,,,,,,,9.01,,,7.54,,,9.1,9.19,,,,9.17,7.73,,,,8.06,8.56,7.96,,,,,,,,,7.91,,,,,,8.83,,,,,,,,,8.32,,8.27,,9.4,,8.3,,9.39,,,,,,,,,9.27,,6.82,,,,,,8.11,,,,,,,9.22,,,,9.19,9.29,,,,7.58,,,7.93,,,9.12,8.31,,,,8.88,9.18,,,,,,,,,,,
2018-03-09,,8.85,,,8.07,,,8.6,,,,,,4.84,,5.57,,,,7.19,,8.95,,,,,,,,,,,8.68,7.51,9.17,,8.06,,,,,,9.12,,,,8.83,8.3,,,,5.15,,,,,8.6,,,,9.19,,8.83,,,,8.81,,,,,,,,8.7,,,,,8.45,,,,,,8.09,,,,,,,,,,,,,,,9.0,,,7.54,,,9.11,9.19,,,,9.17,7.7,,,,8.05,8.55,7.96,,,,,,,,,7.91,,,,,,,,,,,,,,,8.32,,8.27,,9.4,,8.32,,9.39,,,,,,,,,9.27,,6.82,,,,,,8.11,,,,,,,9.22,,,,9.19,9.29,,,,7.95,,,7.93,,,9.12,8.31,,,,8.89,9.18,,,,,,,,,,,
2018-03-10,,8.85,9.26,,8.08,,,8.6,,,,,,4.83,,5.53,,,,7.15,,8.95,,,,,,,,,,,8.68,7.49,9.17,,8.06,,,,,,9.1,,,,8.84,8.3,,,,,,,,,8.6,,,,9.19,,8.82,,,,8.82,,,,,,,,8.7,,,,,8.45,,,,,,8.09,,,,,,,,,,,,,,,9.0,,,7.54,,,9.11,9.19,,,,9.17,7.54,,,,8.05,8.53,7.96,,,,,,,,,7.91,,,,,,,,,,,,,,,8.32,,8.27,,9.4,,8.32,,9.39,,,,,,,,,9.29,,6.82,,,,,,8.11,,,,,,,9.22,,,,9.19,9.29,,,,7.9,,,7.93,,,9.12,8.31,,,,8.88,9.18,,,,,,,,,,,
